,year,month,total_arrival_flights,num_arr_delays,num_aircarrier_delay,num_weather_delay,num_nas_delay,num_security_delay,num_lateaircraft_delay,num_cancelled,num_diverted,tot_arr_delay_mins,carrier_delay_mins,weather_delay_mins,nas_delay_mins,security_delay_mins,lateaircraft_delay_mins
0,2003,6,614.0,131.0,19.97,2.28,81.84,0.0,26.91,4.0,0.0,6939.0,1184.0,218.0,3735.0,0.0,1802.0
1,2003,7,642.0,149.0,28.67,4.31,67.11,0.0,48.91,23.0,1.0,9917.0,1669.0,807.0,4308.0,0.0,3133.0
2,2003,8,642.0,189.0,25.48,4.84,122.86,0.0,35.81,8.0,5.0,15055.0,1954.0,889.0,8575.0,0.0,3637.0
3,2003,9,605.0,240.0,15.37,1.34,193.37,0.0,29.92,15.0,0.0,14063.0,732.0,60.0,11027.0,0.0,2244.0
4,2003,10,631.0,103.0,16.98,1.21,65.95,0.0,18.86,8.0,0.0,4527.0,1024.0,27.0,2327.0,0.0,1149.0
5,2003,11,626.0,170.0,21.19,3.18,87.66,0.0,57.97,15.0,0.0,10027.0,1473.0,189.0,4775.0,0.0,3590.0
6,2003,12,604.0,153.0,27.89,0.34,78.65,0.0,46.13,25.0,2.0,7901.0,1202.0,48.0,3687.0,0.0,2964.0
7,2004,1,627.0,129.0,30.52,1.17,46.91,0.0,50.4,17.0,3.0,6836.0,1193.0,44.0,2388.0,0.0,3211.0
8,2004,2,585.0,101.0,19.1,0.95,54.92,0.0,26.04,3.0,1.0,4048.0,540.0,88.0,1899.0,0.0,1521.0
9,2004,3,634.0,155.0,17.72,1.24,100.03,0.0,36.01,17.0,0.0,9784.0,1465.0,48.0,5298.0,0.0,2973.0
10,2004,4,611.0,163.0,19.45,0.3,107.65,0.0,35.61,4.0,1.0,9500.0,1242.0,36.0,5613.0,0.0,2609.0
11,2004,5,636.0,197.0,25.61,5.54,125.45,0.0,40.4,20.0,0.0,13684.0,1295.0,437.0,8095.0,0.0,3857.0
12,2004,6,622.0,130.0,23.04,3.46,67.8,0.0,35.69,14.0,3.0,8380.0,810.0,196.0,5182.0,0.0,2192.0
13,2004,7,633.0,193.0,26.22,3.76,115.56,0.0,47.46,22.0,5.0,14476.0,1136.0,208.0,8519.0,0.0,4613.0
14,2004,8,637.0,134.0,20.2,3.44,80.44,0.0,29.91,22.0,2.0,8612.0,1358.0,295.0,4197.0,0.0,2762.0
15,2004,9,602.0,130.0,12.54,0.0,105.94,1.0,10.52,17.0,2.0,7712.0,632.0,0.0,6358.0,185.0,537.0
16,2004,10,543.0,106.0,17.59,1.22,57.9,0.0,29.29,7.0,0.0,5485.0,946.0,38.0,2690.0,0.0,1811.0
17,2004,11,466.0,100.0,19.0,0.31,52.02,0.0,28.67,6.0,0.0,6491.0,1221.0,62.0,2631.0,0.0,2577.0
18,2004,12,485.0,156.0,31.7,0.0,96.27,0.0,28.04,13.0,1.0,8373.0,1472.0,0.0,4818.0,0.0,2083.0
19,2005,1,474.0,125.0,22.78,3.43,53.49,0.0,45.31,32.0,0.0,8040.0,1219.0,229.0,2494.0,0.0,4098.0
20,2005,2,430.0,128.0,24.88,1.71,74.11,0.0,27.3,3.0,0.0,7749.0,888.0,64.0,4626.0,0.0,2171.0
21,2005,3,478.0,160.0,24.37,0.44,107.37,0.0,27.82,5.0,2.0,10399.0,1155.0,54.0,7219.0,0.0,1971.0
22,2005,4,468.0,119.0,18.53,0.84,86.03,0.0,13.6,12.0,0.0,5917.0,902.0,21.0,4413.0,0.0,581.0
23,2005,5,483.0,115.0,22.36,1.56,51.93,0.0,39.15,14.0,0.0,6846.0,1508.0,95.0,2638.0,0.0,2605.0
24,2005,6,469.0,179.0,40.2,3.8,93.73,0.0,41.26,12.0,6.0,11972.0,2376.0,263.0,6199.0,0.0,3134.0
25,2005,7,476.0,188.0,36.68,3.31,109.49,0.0,38.51,19.0,1.0,13943.0,1891.0,395.0,8517.0,0.0,3140.0
26,2005,8,483.0,118.0,27.53,0.0,56.63,0.0,33.84,14.0,1.0,6468.0,1113.0,0.0,3250.0,0.0,2105.0
27,2005,9,466.0,111.0,24.27,0.86,67.2,0.0,18.67,5.0,3.0,6522.0,1018.0,50.0,4219.0,0.0,1235.0
28,2005,10,484.0,172.0,21.2,0.87,132.36,0.0,17.56,12.0,0.0,13111.0,1248.0,106.0,10355.0,0.0,1402.0
29,2005,11,461.0,182.0,17.83,2.12,124.03,0.0,38.02,3.0,2.0,10815.0,753.0,84.0,7157.0,0.0,2821.0
30,2005,12,461.0,203.0,54.2,4.05,86.82,0.0,57.93,14.0,0.0,11732.0,2893.0,676.0,3934.0,0.0,4229.0
31,2006,1,460.0,148.0,33.11,1.54,86.12,0.0,27.22,18.0,0.0,9452.0,1521.0,41.0,5586.0,0.0,2304.0
32,2006,2,428.0,115.0,22.54,1.0,61.93,0.0,29.53,30.0,0.0,7205.0,1185.0,36.0,3529.0,0.0,2455.0
33,2006,3,480.0,176.0,32.03,0.0,83.81,0.0,60.17,27.0,0.0,11985.0,1671.0,0.0,5642.0,0.0,4672.0
34,2006,4,457.0,151.0,27.35,1.38,78.2,0.0,44.07,14.0,0.0,7944.0,1488.0,73.0,3360.0,0.0,3023.0
35,2006,5,486.0,167.0,22.63,1.9,86.53,0.0,55.94,14.0,0.0,11072.0,1347.0,182.0,4939.0,0.0,4604.0
36,2006,6,428.0,187.0,30.25,0.86,102.48,0.0,53.41,15.0,1.0,12899.0,1447.0,110.0,7226.0,0.0,4116.0
37,2006,7,427.0,164.0,26.32,4.27,74.91,0.0,58.5,12.0,8.0,13840.0,1485.0,683.0,5520.0,0.0,6152.0
38,2006,8,430.0,144.0,22.01,2.79,69.3,0.0,49.9,10.0,2.0,9890.0,1068.0,298.0,4324.0,0.0,4200.0
39,2006,9,410.0,117.0,21.59,1.3,58.08,0.0,36.02,12.0,2.0,7828.0,1220.0,102.0,3928.0,0.0,2578.0
40,2006,10,428.0,147.0,15.35,1.35,71.64,0.0,58.66,19.0,1.0,9305.0,850.0,94.0,4223.0,0.0,4138.0
41,2006,11,406.0,142.0,13.57,0.31,95.41,0.0,32.72,4.0,1.0,11031.0,890.0,25.0,7358.0,0.0,2758.0
42,2006,12,420.0,148.0,15.15,1.1,89.38,0.0,42.36,22.0,0.0,9819.0,706.0,280.0,5902.0,0.0,2931.0
43,2007,1,423.0,153.0,12.49,2.02,100.14,0.0,38.34,10.0,1.0,10105.0,453.0,300.0,7006.0,0.0,2346.0
44,2007,2,386.0,160.0,30.02,6.17,71.47,0.0,52.34,26.0,0.0,10152.0,2019.0,392.0,4226.0,0.0,3515.0
45,2007,3,434.0,193.0,22.0,2.57,112.85,0.0,55.59,23.0,2.0,13121.0,1242.0,191.0,7777.0,0.0,3911.0
46,2007,4,419.0,181.0,16.8,1.02,118.34,0.0,44.84,22.0,0.0,12962.0,898.0,181.0,8118.0,0.0,3765.0
47,2007,5,429.0,161.0,10.59,1.45,92.34,0.0,56.63,2.0,1.0,9877.0,622.0,54.0,5332.0,0.0,3869.0
48,2007,6,411.0,191.0,24.92,4.21,102.7,0.0,59.16,16.0,3.0,14622.0,1469.0,484.0,7857.0,0.0,4812.0
49,2007,7,419.0,151.0,17.62,0.92,83.73,0.0,48.73,18.0,5.0,10920.0,1172.0,123.0,5687.0,0.0,3938.0
50,2007,8,426.0,159.0,22.78,4.66,72.28,0.0,59.28,12.0,1.0,11763.0,1380.0,688.0,5173.0,0.0,4522.0
51,2007,9,404.0,107.0,20.44,0.93,51.57,0.0,34.06,6.0,0.0,6068.0,1126.0,16.0,2504.0,0.0,2422.0
52,2007,10,425.0,154.0,15.95,1.38,102.86,0.0,33.8,11.0,2.0,11622.0,945.0,150.0,7756.0,0.0,2771.0
53,2007,11,404.0,165.0,23.54,1.0,102.2,0.0,38.26,6.0,0.0,11030.0,1207.0,58.0,7319.0,0.0,2446.0
54,2007,12,418.0,191.0,41.79,4.32,93.15,0.0,51.75,40.0,0.0,14170.0,2344.0,402.0,7487.0,0.0,3937.0
55,2008,1,399.0,164.0,32.09,6.67,56.68,0.0,68.56,33.0,0.0,12416.0,1965.0,791.0,3822.0,0.0,5838.0
56,2008,2,371.0,153.0,20.77,3.96,76.3,0.0,51.97,28.0,0.0,10961.0,1543.0,252.0,5129.0,0.0,4037.0
57,2008,3,404.0,156.0,20.09,1.3,92.07,0.0,42.54,24.0,2.0,12258.0,1215.0,291.0,7742.0,0.0,3010.0
58,2008,4,412.0,128.0,22.72,2.46,65.49,0.0,37.33,11.0,1.0,9269.0,1409.0,278.0,4662.0,0.0,2920.0
59,2008,5,423.0,144.0,18.67,2.83,85.39,0.0,37.11,13.0,1.0,10937.0,1107.0,311.0,6641.0,0.0,2878.0
60,2008,6,419.0,214.0,25.89,2.32,106.98,0.0,78.8,22.0,4.0,17500.0,1853.0,163.0,8425.0,0.0,7059.0
61,2008,7,431.0,175.0,36.53,0.94,77.04,0.0,60.48,26.0,4.0,12876.0,2470.0,37.0,5803.0,0.0,4566.0
62,2008,8,426.0,163.0,27.06,2.66,64.17,0.0,69.1,10.0,3.0,14035.0,2090.0,162.0,5303.0,0.0,6480.0
63,2008,9,408.0,131.0,27.92,4.38,61.28,0.0,37.42,1.0,1.0,8727.0,2464.0,377.0,3703.0,0.0,2183.0
64,2008,10,420.0,124.0,22.87,0.67,70.7,0.0,29.76,2.0,0.0,9037.0,1827.0,10.0,5361.0,0.0,1839.0
65,2008,11,368.0,104.0,5.93,0.0,86.43,0.0,11.64,3.0,0.0,9016.0,294.0,0.0,7839.0,0.0,883.0
66,2008,12,385.0,168.0,18.32,7.37,97.64,0.0,44.67,24.0,1.0,15858.0,1411.0,535.0,9399.0,0.0,4513.0
67,2009,1,386.0,131.0,12.61,0.8,87.12,0.0,30.47,21.0,0.0,9573.0,1142.0,98.0,6364.0,0.0,1969.0
68,2009,2,357.0,139.0,8.01,0.84,99.42,0.0,30.73,14.0,1.0,11035.0,359.0,36.0,7704.0,0.0,2936.0
69,2009,3,399.0,136.0,12.46,2.35,93.44,0.0,27.75,11.0,1.0,9830.0,537.0,65.0,7288.0,0.0,1940.0
70,2009,4,378.0,149.0,11.28,2.78,106.09,0.0,28.86,17.0,1.0,11922.0,589.0,210.0,9128.0,0.0,1995.0
71,2009,5,383.0,136.0,14.72,1.28,85.3,0.0,34.7,7.0,1.0,10694.0,908.0,86.0,6769.0,0.0,2931.0
72,2009,6,390.0,145.0,23.92,0.38,74.18,0.0,46.52,17.0,5.0,11303.0,1955.0,87.0,5785.0,0.0,3476.0
73,2009,7,397.0,124.0,19.61,1.86,66.69,0.0,35.84,7.0,2.0,9698.0,1235.0,141.0,5403.0,0.0,2919.0
74,2009,8,399.0,122.0,19.59,0.8,65.85,0.0,35.76,6.0,1.0,7807.0,1331.0,138.0,4259.0,0.0,2079.0
75,2009,9,347.0,49.0,6.19,1.0,23.97,0.0,17.83,3.0,2.0,2467.0,153.0,93.0,1307.0,0.0,914.0
76,2009,10,347.0,75.0,5.57,0.0,45.93,0.0,23.5,5.0,1.0,5129.0,271.0,0.0,3494.0,0.0,1364.0
77,2009,11,286.0,51.0,8.23,0.0,33.05,0.0,9.73,2.0,0.0,3604.0,416.0,0.0,2520.0,0.0,668.0
78,2009,12,272.0,77.0,8.05,1.87,43.89,0.0,23.19,9.0,0.0,4804.0,344.0,104.0,2845.0,0.0,1511.0
79,2010,1,290.0,68.0,11.47,0.0,39.13,0.0,17.4,4.0,0.0,5057.0,622.0,0.0,3066.0,0.0,1369.0
80,2010,2,271.0,40.0,4.59,1.12,19.07,0.0,15.22,25.0,0.0,2802.0,158.0,400.0,1252.0,0.0,992.0
81,2010,3,302.0,97.0,9.82,0.86,62.14,0.0,24.18,7.0,0.0,7593.0,730.0,376.0,4529.0,0.0,1958.0
82,2010,4,288.0,37.0,6.11,0.78,18.72,0.0,11.39,4.0,0.0,2023.0,323.0,14.0,959.0,0.0,727.0
83,2010,5,293.0,60.0,8.74,1.58,35.15,0.0,14.53,4.0,0.0,4167.0,430.0,132.0,2662.0,0.0,943.0
84,2010,6,300.0,69.0,8.57,0.72,32.7,0.0,27.01,4.0,0.0,4333.0,475.0,226.0,1813.0,0.0,1819.0
85,2010,7,313.0,57.0,5.76,1.97,36.08,0.0,13.19,12.0,0.0,3533.0,379.0,97.0,2114.0,0.0,943.0
86,2010,8,315.0,55.0,6.2,0.19,27.6,0.0,21.01,6.0,0.0,3122.0,229.0,6.0,1496.0,0.0,1391.0
87,2010,9,293.0,49.0,2.86,0.0,35.67,0.0,10.47,2.0,3.0,2485.0,133.0,0.0,1821.0,0.0,531.0
88,2010,10,287.0,63.0,2.2,0.0,51.24,0.0,9.55,4.0,0.0,4060.0,124.0,0.0,3364.0,0.0,572.0
89,2010,11,271.0,39.0,1.31,0.0,32.02,0.0,5.67,3.0,0.0,2814.0,169.0,0.0,2422.0,0.0,223.0
90,2010,12,252.0,55.0,4.97,0.0,31.99,0.0,18.04,19.0,2.0,4967.0,394.0,0.0,2862.0,0.0,1711.0
91,2011,1,214.0,43.0,4.24,1.26,26.61,0.0,10.89,13.0,0.0,2606.0,233.0,238.0,1598.0,0.0,537.0
92,2011,2,224.0,47.0,7.27,0.0,25.93,0.0,13.79,24.0,0.0,3295.0,344.0,0.0,2035.0,0.0,916.0
93,2011,3,293.0,83.0,11.42,0.0,53.07,0.0,18.52,4.0,1.0,5891.0,814.0,0.0,4002.0,0.0,1075.0
94,2011,4,169.0,64.0,1.93,1.0,50.84,0.0,10.23,5.0,2.0,5080.0,219.0,23.0,3784.0,0.0,1054.0
95,2011,5,168.0,67.0,7.45,0.54,44.93,0.0,14.08,5.0,0.0,4317.0,432.0,56.0,2701.0,0.0,1128.0
96,2011,6,305.0,108.0,18.07,2.0,56.21,0.0,31.73,12.0,1.0,7846.0,1519.0,134.0,3451.0,0.0,2742.0
97,2011,7,366.0,132.0,23.46,3.29,49.65,0.0,55.6,14.0,2.0,9464.0,1757.0,176.0,3257.0,0.0,4274.0
98,2011,8,295.0,94.0,13.17,1.83,49.93,0.0,29.07,28.0,1.0,6564.0,1027.0,45.0,3617.0,0.0,1875.0
99,2011,9,268.0,84.0,9.27,0.58,54.64,0.0,19.51,5.0,0.0,5230.0,498.0,30.0,3600.0,0.0,1102.0
100,2011,10,276.0,78.0,6.38,0.0,62.39,0.0,9.23,4.0,2.0,5014.0,323.0,0.0,3935.0,0.0,756.0
101,2011,11,270.0,55.0,8.57,0.0,27.82,0.0,18.61,3.0,0.0,2760.0,406.0,0.0,1131.0,0.0,1223.0
102,2011,12,227.0,46.0,9.25,0.0,27.37,0.0,9.38,1.0,0.0,1937.0,346.0,0.0,1160.0,0.0,431.0
103,2012,1,3657.0,722.0,117.17,18.83,465.78,1.0,119.22,28.0,2.0,35583.0,7626.0,1420.0,18638.0,24.0,7875.0
104,2012,2,3592.0,498.0,102.62,8.45,271.19,0.0,115.74,11.0,10.0,26120.0,7410.0,552.0,11448.0,0.0,6710.0
105,2012,3,4041.0,1052.0,193.27,16.75,643.12,0.0,198.86,19.0,4.0,46510.0,10605.0,1076.0,22622.0,0.0,12207.0
106,2012,4,4168.0,896.0,175.69,8.35,527.2,0.0,184.75,17.0,0.0,44531.0,10185.0,627.0,21126.0,0.0,12593.0
107,2012,5,3964.0,1205.0,192.43,12.55,778.56,0.3,221.16,26.0,22.0,65940.0,13485.0,994.0,34609.0,6.0,16846.0
108,2012,6,4106.0,1234.0,327.7,17.69,522.77,3.47,362.38,39.0,10.0,79208.0,23797.0,1136.0,26027.0,75.0,28173.0
109,2012,7,4138.0,1514.0,373.04,32.49,607.58,1.4,499.48,74.0,39.0,110920.0,27316.0,2984.0,39497.0,43.0,41080.0
110,2012,8,4181.0,1147.0,305.29,21.32,430.89,8.69,380.81,78.0,13.0,75111.0,19119.0,1317.0,23714.0,340.0,30621.0
111,2012,9,3553.0,681.0,149.34,10.39,375.15,0.0,146.12,22.0,16.0,40020.0,9606.0,381.0,19655.0,0.0,10378.0
112,2012,10,3902.0,627.0,138.38,9.58,321.9,0.34,156.8,414.0,13.0,37264.0,9626.0,673.0,14435.0,25.0,12505.0
113,2012,11,3815.0,480.0,165.98,3.7,204.08,0.0,106.24,145.0,3.0,25961.0,10438.0,919.0,6852.0,0.0,7752.0
114,2012,12,3880.0,723.0,159.27,10.06,343.43,0.26,209.97,35.0,6.0,41367.0,9030.0,485.0,16072.0,7.0,15773.0
115,2013,1,3661.0,533.0,112.32,14.13,275.86,0.0,130.69,35.0,3.0,30099.0,6225.0,1071.0,13327.0,0.0,9476.0
116,2013,2,3430.0,509.0,119.3,27.2,209.65,0.0,152.85,145.0,1.0,29768.0,7602.0,4459.0,8487.0,0.0,9220.0
117,2013,3,3911.0,844.0,160.33,15.32,434.54,1.35,232.46,40.0,12.0,51667.0,9432.0,1337.0,23310.0,44.0,17544.0
118,2013,4,4033.0,1035.0,190.32,11.33,580.49,0.22,252.65,31.0,30.0,64922.0,13591.0,999.0,30860.0,4.0,19468.0
119,2013,5,3872.0,1006.0,185.65,15.32,627.89,0.54,176.6,46.0,12.0,53646.0,11222.0,984.0,28798.0,14.0,12628.0
120,2013,6,3935.0,1148.0,234.02,26.52,546.03,2.57,338.86,47.0,40.0,84129.0,17500.0,2525.0,36360.0,116.0,27628.0
121,2013,7,4044.0,1170.0,223.33,23.31,623.68,0.0,299.68,50.0,19.0,73448.0,14862.0,1634.0,33892.0,0.0,23060.0
122,2013,8,4048.0,788.0,178.22,15.16,346.49,1.11,247.03,18.0,15.0,45223.0,10018.0,1021.0,15765.0,76.0,18343.0
123,2013,9,3569.0,527.0,123.53,18.81,263.28,0.55,120.83,24.0,16.0,35693.0,7448.0,1067.0,16760.0,11.0,10407.0
124,2013,10,3871.0,591.0,125.68,8.95,332.01,0.0,124.37,13.0,11.0,34444.0,6402.0,360.0,18596.0,0.0,9086.0
125,2013,11,3767.0,403.0,110.86,8.73,163.52,2.98,116.91,24.0,1.0,21054.0,5988.0,446.0,5838.0,312.0,8470.0
126,2013,12,3933.0,930.0,253.8,22.04,384.72,0.0,269.44,88.0,8.0,52800.0,13946.0,1387.0,20760.0,0.0,16707.0
127,2014,1,3550.0,727.0,217.54,39.76,248.09,0.0,221.6,257.0,0.0,53444.0,16088.0,4978.0,13730.0,0.0,18648.0
128,2014,2,3263.0,620.0,188.48,19.77,200.82,0.0,210.92,276.0,6.0,44489.0,12083.0,2036.0,15132.0,0.0,15238.0
129,2014,3,3878.0,611.0,178.57,16.99,211.87,0.0,203.58,35.0,1.0,33309.0,9270.0,941.0,8202.0,0.0,14896.0
130,2014,4,3691.0,857.0,112.19,9.77,549.65,0.0,185.38,25.0,6.0,49154.0,6336.0,869.0,29310.0,0.0,12639.0
131,2014,5,3714.0,993.0,156.36,18.24,617.59,0.0,200.81,36.0,12.0,69254.0,9340.0,1384.0,42044.0,0.0,16486.0
132,2014,6,3885.0,1043.0,221.46,32.34,449.57,0.0,339.63,43.0,8.0,66183.0,13976.0,2578.0,23401.0,0.0,26228.0
133,2014,7,3977.0,935.0,189.57,40.82,424.53,1.0,279.08,94.0,41.0,64195.0,12456.0,2639.0,28550.0,38.0,20512.0
134,2014,8,3817.0,752.0,166.63,34.23,326.49,0.0,224.64,35.0,7.0,42378.0,8812.0,2333.0,14512.0,0.0,16721.0
135,2014,9,3427.0,597.0,142.8,17.66,302.34,0.0,134.2,27.0,3.0,29595.0,7789.0,918.0,11144.0,0.0,9744.0
136,2014,10,3742.0,728.0,207.83,11.44,301.73,0.0,207.0,28.0,4.0,40843.0,12369.0,914.0,11837.0,0.0,15723.0
137,2014,11,3810.0,631.0,190.34,17.19,234.76,0.0,188.71,34.0,3.0,39945.0,11159.0,1092.0,12354.0,0.0,15340.0
138,2014,12,3913.0,1101.0,266.21,9.02,556.33,0.0,269.44,24.0,8.0,59834.0,13185.0,434.0,28001.0,0.0,18214.0
139,2015,1,3645.0,724.0,231.93,20.6,242.22,0.8,228.45,226.0,3.0,43347.0,13059.0,1471.0,10921.0,32.0,17864.0
140,2015,2,3485.0,686.0,229.74,35.88,210.47,0.0,209.91,177.0,4.0,41303.0,12041.0,1967.0,10693.0,0.0,16602.0
141,2015,3,4096.0,887.0,282.82,18.3,327.12,0.0,258.76,127.0,14.0,55148.0,16533.0,867.0,17863.0,0.0,19885.0
142,2015,4,4068.0,657.0,193.43,21.87,193.17,0.0,248.54,35.0,6.0,38861.0,9689.0,1462.0,8840.0,0.0,18870.0
143,2015,5,3994.0,706.0,216.74,32.42,194.76,0.0,262.07,33.0,17.0,50411.0,13561.0,2965.0,13961.0,0.0,19924.0
144,2015,6,4110.0,1202.0,340.34,44.71,375.34,0.0,441.62,104.0,20.0,88408.0,21984.0,4763.0,26234.0,0.0,35427.0
145,2015,7,4137.0,1068.0,266.67,37.86,384.25,0.0,379.22,58.0,17.0,77989.0,17487.0,2545.0,25842.0,0.0,32115.0
146,2015,8,3967.0,824.0,228.18,42.89,261.92,0.0,291.01,40.0,3.0,53160.0,12405.0,3287.0,16733.0,0.0,20735.0
147,2015,9,3572.0,497.0,162.71,17.95,187.55,0.0,128.79,11.0,6.0,29791.0,9483.0,1100.0,8745.0,0.0,10463.0
148,2015,10,3972.0,515.0,131.69,7.22,241.43,0.0,134.67,10.0,14.0,37333.0,8709.0,654.0,15066.0,0.0,12904.0
149,2015,11,3869.0,678.0,175.98,10.73,303.72,0.0,187.56,23.0,13.0,50323.0,12598.0,1077.0,16414.0,0.0,20234.0
150,2015,12,4019.0,883.0,240.47,22.5,357.41,0.0,262.62,45.0,7.0,75599.0,18460.0,2907.0,25939.0,0.0,28293.0
151,2016,1,3690.0,502.0,192.82,23.99,138.45,0.05,146.7,370.0,7.0,32951.0,10665.0,1472.0,8874.0,5.0,11935.0
152,2016,2,3710.0,702.0,125.24,12.37,396.56,0.0,167.82,35.0,5.0,57945.0,8386.0,1359.0,31066.0,0.0,17134.0
153,2016,3,4348.0,686.0,180.64,24.2,231.94,1.0,248.23,26.0,8.0,49825.0,16677.0,1365.0,12510.0,28.0,19245.0
154,2016,4,4421.0,681.0,158.8,19.57,299.7,0.0,202.93,17.0,6.0,48138.0,11225.0,1142.0,17440.0,0.0,18331.0
155,2016,5,4276.0,669.0,179.28,21.54,307.86,0.0,160.33,10.0,3.0,43309.0,11604.0,1844.0,15593.0,0.0,14268.0
156,2016,6,4285.0,974.0,274.59,25.82,390.7,0.0,282.89,28.0,29.0,71714.0,17057.0,2085.0,25021.0,0.0,27551.0
157,2016,7,4320.0,1110.0,265.75,33.56,443.83,0.0,366.85,82.0,69.0,100139.0,21589.0,3698.0,35764.0,0.0,39088.0
158,2016,8,4581.0,1125.0,272.68,35.01,494.78,2.49,320.04,43.0,13.0,88948.0,19756.0,3163.0,31202.0,436.0,34391.0
159,2016,9,4248.0,830.0,207.29,28.87,379.23,0.0,214.61,15.0,6.0,56498.0,14461.0,2127.0,19041.0,0.0,20869.0
160,2016,10,4527.0,695.0,207.14,6.67,265.79,0.0,215.4,46.0,22.0,45643.0,14449.0,373.0,13800.0,0.0,17021.0
161,2016,11,4314.0,952.0,201.17,7.43,571.4,0.0,172.01,5.0,9.0,59197.0,12641.0,640.0,31107.0,0.0,14809.0
162,2016,12,4357.0,1115.0,234.52,18.27,541.08,1.73,319.4,46.0,7.0,85482.0,17405.0,2352.0,35401.0,105.0,30219.0
163,2017,1,4262.0,1078.0,235.38,17.69,592.69,1.0,231.24,36.0,6.0,84363.0,19432.0,1199.0,38310.0,21.0,25401.0
164,2017,2,4010.0,862.0,182.17,12.72,508.3,0.0,158.82,115.0,12.0,64343.0,12436.0,1990.0,33559.0,0.0,16358.0
165,2017,3,4939.0,1246.0,232.53,20.64,689.61,0.0,303.22,198.0,6.0,96171.0,18047.0,1978.0,46983.0,0.0,29163.0
166,2017,4,4635.0,1209.0,207.76,11.52,713.59,0.0,276.14,6.0,5.0,96743.0,17643.0,763.0,49659.0,0.0,28678.0
167,2017,5,4622.0,1448.0,181.13,11.0,1018.42,0.0,237.45,13.0,26.0,114347.0,17515.0,1063.0,70274.0,0.0,25495.0
168,2017,6,4574.0,1346.0,207.83,21.32,803.07,0.0,313.78,40.0,16.0,108562.0,19452.0,1543.0,57080.0,0.0,30487.0
169,2017,7,4652.0,1331.0,173.94,34.75,778.68,0.0,343.63,50.0,21.0,126981.0,19640.0,3560.0,67131.0,0.0,36650.0
170,2017,8,4772.0,1122.0,177.51,33.2,618.15,1.0,292.14,114.0,50.0,97117.0,17951.0,3359.0,45306.0,27.0,30474.0
171,2017,9,4311.0,892.0,118.17,8.88,619.77,0.0,145.18,153.0,13.0,60990.0,10031.0,649.0,37310.0,0.0,13000.0
172,2017,10,4650.0,999.0,139.12,20.59,676.56,0.0,162.73,34.0,4.0,74314.0,11404.0,2691.0,45773.0,0.0,14446.0
173,2017,11,4620.0,966.0,123.29,0.82,680.8,0.0,161.09,5.0,2.0,66194.0,8899.0,39.0,43244.0,0.0,14012.0
174,2017,12,4770.0,1242.0,163.09,26.25,815.95,0.0,236.71,18.0,10.0,88015.0,11866.0,4199.0,50713.0,0.0,21237.0
175,2018,1,4388.0,907.0,137.69,23.11,577.64,0.0,168.56,228.0,3.0,61338.0,10080.0,3631.0,32289.0,0.0,15338.0
176,2018,2,4207.0,824.0,100.67,11.5,593.71,0.0,118.12,12.0,17.0,60807.0,6998.0,1366.0,40967.0,0.0,11476.0
177,2018,3,5084.0,1063.0,178.08,23.76,654.29,0.0,206.87,368.0,17.0,78474.0,17343.0,4431.0,38195.0,0.0,18505.0
178,2018,4,5057.0,1395.0,168.55,17.86,897.57,0.0,311.02,19.0,28.0,114062.0,17172.0,2480.0,61719.0,0.0,32691.0
179,2018,5,5250.0,1456.0,181.49,25.36,987.14,0.0,262.01,44.0,34.0,107047.0,17705.0,5453.0,59277.0,0.0,24612.0
180,2018,6,4839.0,1431.0,224.44,46.77,833.09,0.0,326.7,19.0,19.0,102591.0,23109.0,3563.0,44730.0,0.0,31189.0
181,2018,7,5061.0,1744.0,238.99,49.94,955.83,0.0,499.24,108.0,43.0,169487.0,24277.0,9648.0,80027.0,0.0,55535.0
182,2018,8,5018.0,1823.0,245.19,53.22,1052.32,0.0,472.27,167.0,44.0,182069.0,23103.0,6892.0,94239.0,0.0,57835.0
183,2018,9,4632.0,1177.0,169.78,28.57,773.74,0.0,204.92,29.0,9.0,89362.0,17610.0,2335.0,49164.0,0.0,20253.0
184,2018,10,4955.0,1230.0,150.27,17.68,810.75,0.0,251.29,7.0,10.0,79860.0,12163.0,2178.0,43897.0,0.0,21622.0
185,2018,11,4930.0,1438.0,218.11,18.08,888.9,0.0,312.91,117.0,17.0,110352.0,18480.0,2342.0,58376.0,0.0,31154.0
186,2018,12,4896.0,1339.0,193.81,21.86,843.95,0.0,279.38,8.0,7.0,93016.0,13516.0,1390.0,51405.0,0.0,26705.0
187,2019,1,4287.0,1201.0,154.89,21.68,822.41,0.0,202.01,31.0,13.0,96191.0,14677.0,1469.0,59685.0,0.0,20360.0
188,2019,2,4157.0,945.0,159.97,22.32,505.19,0.0,257.52,15.0,6.0,87027.0,16100.0,3786.0,42412.0,0.0,24729.0
189,2019,3,5331.0,1251.0,171.91,13.1,685.55,0.0,380.44,55.0,37.0,95321.0,13888.0,2565.0,39946.0,0.0,38922.0
190,2019,4,4945.0,1313.0,179.25,20.07,784.09,0.0,329.6,33.0,10.0,114819.0,24167.0,3248.0,53317.0,0.0,34087.0
191,2019,5,5058.0,1521.0,218.56,38.24,920.89,0.0,343.31,42.0,51.0,137994.0,22148.0,6287.0,68891.0,0.0,40668.0
192,2019,6,4693.0,1567.0,217.83,57.79,843.05,1.09,447.24,84.0,64.0,148501.0,19805.0,6870.0,70653.0,227.0,50946.0
193,2019,7,4852.0,1339.0,236.91,56.67,622.92,0.0,422.51,188.0,78.0,137984.0,22484.0,10175.0,52059.0,0.0,53266.0
194,2019,8,4876.0,1533.0,229.71,46.97,838.61,0.81,416.9,131.0,64.0,150904.0,28524.0,12515.0,65961.0,13.0,43891.0
